{"class_map": {"valid": [{"map95": 0.45341995859704465, "map50": 0.5721682761313557, "class": "all"}]}}