{"class_map": {"valid": [{"map95": 0.5473876484304266, "map50": 0.6635277216194454, "class": "all"}]}}